pid,registry_name,registry_parser,registry_maxX,registry_maxY,registry_maxP,registry_confidence,kernel_name,kernel_maxX,kernel_maxY,kernel_maxP,kernel_type,otd_name,otd_maxX,otd_maxY,otd_maxP,otd_parser,verdict,notes
0x0003,PenPartner,graphire,5040,3780,255,experimental,Wacom Cintiq Partner,20480,15360,511,PTU,Wacom PTU-600U,20480,15360,511,PTUReportParser,kernel_disagrees,registry differs from BOTH kernel AND OTD: kernel maxX=20480 (registry 5040); kernel maxY=15360 (registry 3780); kernel maxP=511 (registry 255)
0x0004,Graphire,graphire,10206,7422,511,experimental,,,,,,,,,,,unknown,neither kernel nor OTD has this PID
0x0010,Graphire,graphire,10206,7422,511,experimental,Wacom Graphire,10206,7422,511,GRAPHIRE,Wacom ET-0405-U,10208,7424,511,SkipByteTabletReportParser,otd_disagrees,OTD maxX=10208 (registry 10206); OTD maxY=7424 (registry 7422)
0x0011,Graphire 2 (4×5),graphire,10206,7422,511,experimental,Wacom Graphire2 4x5,10206,7422,511,GRAPHIRE,Wacom ET-0405A-U,10208,7424,511,WacomDriverIntuosReportParser,otd_disagrees,OTD maxX=10208 (registry 10206); OTD maxY=7424 (registry 7422); OTD parser=intuosV1 (OTD class WacomDriverIntuosReportParser)
0x0012,Graphire 2 (5×7),graphire,13918,10206,511,experimental,Wacom Graphire2 5x7,13918,10206,511,GRAPHIRE,,,,,,agree,kernel agrees; OTD has no entry
0x0013,Graphire 3 (4×5),graphire,10208,7424,511,experimental,Wacom Graphire3,10208,7424,511,GRAPHIRE,Wacom CTE-430,10208,7424,511,WacomDriverIntuosReportParser,cross_referenced,kernel + OTD both agree with registry; OTD parser=intuosV1 (OTD class WacomDriverIntuosReportParser)
0x0014,Graphire 3 (6×8),graphire,16704,12064,511,experimental,Wacom Graphire3 6x8,16704,12064,511,GRAPHIRE,Wacom CTE-630,16704,12064,511,WacomDriverIntuosReportParser,cross_referenced,kernel + OTD both agree with registry; OTD parser=intuosV1 (OTD class WacomDriverIntuosReportParser)
0x0015,Graphire 4 (4×5),graphire,10208,7424,511,experimental,Wacom Graphire4 4x5,10208,7424,511,WACOM_G4,Wacom CTE-440,10208,7424,511,WacomDriverIntuosReportParser,cross_referenced,kernel + OTD both agree with registry; OTD parser=intuosV1 (OTD class WacomDriverIntuosReportParser)
0x0016,Graphire 4 (6×8),graphire,16704,12064,511,experimental,Wacom Graphire4 6x8,16704,12064,511,WACOM_G4,Wacom CTE-640,16704,12064,511,WacomDriverIntuosReportParser,cross_referenced,kernel + OTD both agree with registry; OTD parser=intuosV1 (OTD class WacomDriverIntuosReportParser)
0x0017,Bamboo Fun (MTE-450),graphire,14760,9225,511,experimental,Wacom BambooFun 4x5,14760,9225,511,WACOM_MO,Wacom CTE-450,14760,9225,511,BambooReportParser,cross_referenced,kernel + OTD both agree with registry; OTD parser=bamboo (OTD class BambooReportParser)
0x0060,Volito,graphire,5104,3712,511,experimental,Wacom Volito,5104,3712,511,GRAPHIRE,Wacom FT-0405-U,5104,3712,511,WacomDriverIntuosReportParser,cross_referenced,kernel + OTD both agree with registry; OTD parser=intuosV1 (OTD class WacomDriverIntuosReportParser)
0x0061,PenStation,graphire,3540,2468,511,experimental,Wacom PenStation2,3250,2320,255,GRAPHIRE,,,,,,kernel_disagrees,kernel maxX=3250 (registry 3540); kernel maxY=2320 (registry 2468); kernel maxP=255 (registry 511)
0x0062,Volito 2,graphire,5104,3712,511,experimental,Wacom Volito2 4x5,5104,3712,511,GRAPHIRE,,,,,,agree,kernel agrees; OTD has no entry
0x0065,Bamboo One (CTF-430),graphire,14760,9225,511,experimental,Wacom Bamboo,14760,9225,511,WACOM_MO,Wacom MTE-450,14760,9225,511,BambooReportParser,cross_referenced,kernel + OTD both agree with registry; OTD parser=bamboo (OTD class BambooReportParser)
0x003F,Cintiq 21UX (DTZ-2100),graphire,87200,65600,1023,experimental,Wacom Cintiq 21UX,87200,65600,1023,CINTIQ,,,,,,agree,kernel agrees; OTD has no entry; kernel parser=cintiqV1 (kernel type CINTIQ)
0x0020,Intuos 4×5,intuosV1,12700,10600,1023,experimental,Wacom Intuos 4x5,12700,10600,1023,INTUOS,Wacom GD-0405-U,25400,21200,2046,WacomDriverIntuosV1ReportParser,otd_disagrees,OTD maxX=25400 (registry 12700); OTD maxY=21200 (registry 10600); OTD maxP=2046 (registry 1023)
0x0021,Intuos 6×8,intuosV1,20320,16240,1023,experimental,Wacom Intuos 6x8,20320,16240,1023,INTUOS,Wacom GD-0608-U,40640,32480,2046,WacomDriverIntuosV1ReportParser,otd_disagrees,OTD maxX=40640 (registry 20320); OTD maxY=32480 (registry 16240); OTD maxP=2046 (registry 1023)
0x0022,Intuos 9×12,intuosV1,30480,24060,1023,experimental,Wacom Intuos 9x12,30480,24060,1023,INTUOS,Wacom GD-0912-U,60960,48120,2046,WacomDriverIntuosV1ReportParser,otd_disagrees,OTD maxX=60960 (registry 30480); OTD maxY=48120 (registry 24060); OTD maxP=2046 (registry 1023)
0x0023,Intuos 12×12,intuosV1,30480,31680,1023,experimental,Wacom Intuos 12x12,30480,31680,1023,INTUOS,Wacom GD-1212-U,60960,63360,2046,WacomDriverIntuosV1ReportParser,otd_disagrees,OTD maxX=60960 (registry 30480); OTD maxY=63360 (registry 31680); OTD maxP=2046 (registry 1023)
0x0024,Intuos 12×18,intuosV1,45720,31680,1023,experimental,Wacom Intuos 12x18,45720,31680,1023,INTUOS,Wacom GD-1218-U,91440,63360,2046,WacomDriverIntuosV1ReportParser,otd_disagrees,OTD maxX=91440 (registry 45720); OTD maxY=63360 (registry 31680); OTD maxP=2046 (registry 1023)
0x0041,Intuos 2 (4×5),intuosV1,12700,10600,1023,experimental,Wacom Intuos2 4x5,12700,10600,1023,INTUOS,Wacom XD-0405-U,25400,21200,2046,WacomDriverIntuosV1ReportParser,otd_disagrees,OTD maxX=25400 (registry 12700); OTD maxY=21200 (registry 10600); OTD maxP=2046 (registry 1023)
0x0042,Intuos 2 (6×8),intuosV1,20320,16240,1023,experimental,Wacom Intuos2 6x8,20320,16240,1023,INTUOS,Wacom XD-0608-U,40640,32480,2046,WacomDriverIntuosV1ReportParser,otd_disagrees,OTD maxX=40640 (registry 20320); OTD maxY=32480 (registry 16240); OTD maxP=2046 (registry 1023)
0x0043,Intuos 2 (9×12),intuosV1,30480,24060,1023,experimental,Wacom Intuos2 9x12,30480,24060,1023,INTUOS,Wacom XD-0912-U,60960,48120,2046,WacomDriverIntuosV1ReportParser,otd_disagrees,OTD maxX=60960 (registry 30480); OTD maxY=48120 (registry 24060); OTD maxP=2046 (registry 1023)
0x0044,Intuos 2 (12×12),intuosV1,30480,31680,1023,experimental,Wacom Intuos2 12x12,30480,31680,1023,INTUOS,Wacom XD-1212-U,60960,63360,2046,WacomDriverIntuosV1ReportParser,otd_disagrees,OTD maxX=60960 (registry 30480); OTD maxY=63360 (registry 31680); OTD maxP=2046 (registry 1023)
0x0045,Intuos 2 (12×18),intuosV1,45720,31680,1023,experimental,Wacom Intuos2 12x18,45720,31680,1023,INTUOS,Wacom XD-1218-U,91440,63360,2046,WacomDriverIntuosV1ReportParser,otd_disagrees,OTD maxX=91440 (registry 45720); OTD maxY=63360 (registry 31680); OTD maxP=2046 (registry 1023)
0x00B0,Intuos3 4×5 (PTZ-431),intuos3,25400,20320,1023,experimental,Wacom Intuos3 4x5,25400,20320,1023,INTUOS3S,Wacom PTZ-430,25400,20320,2046,WacomDriverIntuos3ReportParser,otd_disagrees,OTD maxP=2046 (registry 1023)
0x00B1,Intuos3 6×8 (PTZ-631),intuos3,40640,30480,1023,experimental,Wacom Intuos3 6x8,40640,30480,1023,INTUOS3,Wacom PTZ-630,40640,30480,2046,WacomDriverIntuos3ReportParser,otd_disagrees,OTD maxP=2046 (registry 1023)
0x00B2,Intuos3 9×12 (PTZ-930),intuos3,60960,45720,1023,experimental,Wacom Intuos3 9x12,60960,45720,1023,INTUOS3,Wacom PTZ-930,60960,45720,2046,WacomDriverIntuos3ReportParser,otd_disagrees,OTD maxP=2046 (registry 1023)
0x00B3,Intuos3 12×12 (PTZ-1231),intuos3,60960,60960,1023,experimental,Wacom Intuos3 12x12,60960,60960,1023,INTUOS3L,Wacom PTZ-1230,60960,60960,2046,WacomDriverIntuos3ReportParser,otd_disagrees,OTD maxP=2046 (registry 1023)
0x00B4,Intuos3 12×19 (PTZ-1231W),intuos3,97536,60960,1023,verified,Wacom Intuos3 12x19,97536,60960,1023,INTUOS3L,Wacom PTZ-1231W,97536,60960,2046,WacomDriverIntuos3ReportParser,otd_disagrees,OTD maxP=2046 (registry 1023)
0x00B5,Intuos3 WS (PTZ-631W),intuos3,54204,31750,2046,verified,Wacom Intuos3 6x11,54204,31750,1023,INTUOS3,Wacom PTZ-631W,54204,31750,2046,WacomDriverIntuos3ReportParser,kernel_disagrees,kernel maxP=1023 (registry 2046)
0x00B7,Intuos3 4×6 (PTZ-431W),intuos3,31496,19685,1023,experimental,Wacom Intuos3 4x6,31496,19685,1023,INTUOS3S,Wacom PTZ-431W,31496,19685,2046,WacomDriverIntuos3ReportParser,otd_disagrees,OTD maxP=2046 (registry 1023)
0x00B8,Intuos4 S (PTK-440),intuosV1,31496,19685,2047,experimental,Wacom Intuos4 4x6,31496,19685,2047,INTUOS4S,Wacom PTK-440,31496,19685,2047,WacomDriverIntuosV1ReportParser,cross_referenced,kernel + OTD both agree with registry
0x00B9,Intuos4 M (PTK-640),intuosV1,44704,27940,2047,experimental,Wacom Intuos4 6x9,44704,27940,2047,INTUOS4,Wacom PTK-640,44704,27940,2047,WacomDriverIntuosV1ReportParser,cross_referenced,kernel + OTD both agree with registry
0x00BA,Intuos4 L (PTK-840),intuosV1,63494,39370,2047,experimental,Wacom Intuos4 8x13,65024,40640,2047,INTUOS4L,Wacom PTK-840,65024,40640,2047,WacomDriverIntuosV1ReportParser,kernel_disagrees,registry differs from BOTH kernel AND OTD: kernel maxX=65024 (registry 63494); kernel maxY=40640 (registry 39370)
0x00BB,Intuos4 XL (PTK-1240),intuosV1,97536,60960,2047,experimental,Wacom Intuos4 12x19,97536,60960,2047,INTUOS4L,Wacom PTK-1240,97536,60960,2047,WacomDriverIntuosV1ReportParser,cross_referenced,kernel + OTD both agree with registry
0x00BC,Intuos4 WL (PTK-540WL),intuosV1,44704,27940,2047,experimental,Wacom Intuos4 WL,40640,25400,2047,INTUOS4,Wacom PTK-540WL,40640,25400,2047,WacomDriverIntuosV1ReportParser,kernel_disagrees,registry differs from BOTH kernel AND OTD: kernel maxX=40640 (registry 44704); kernel maxY=25400 (registry 27940)
0x0026,Intuos5 S (PTH-450),intuosV1,31496,19685,2047,experimental,Wacom Intuos5 touch S,31496,19685,2047,INTUOS5S,Wacom PTH-450,31496,19685,2047,WacomDriverIntuosV1ReportParser,cross_referenced,kernel + OTD both agree with registry
0x0027,Intuos5 M (PTH-650),intuosV1,44704,27940,2047,experimental,Wacom Intuos5 touch M,44704,27940,2047,INTUOS5,Wacom PTH-650,44704,27940,2047,WacomDriverIntuosV1ReportParser,cross_referenced,kernel + OTD both agree with registry
0x0028,Intuos5 L (PTH-850),intuosV1,65024,40640,2047,experimental,Wacom Intuos5 touch L,65024,40640,2047,INTUOS5L,Wacom PTH-850,65024,40640,2047,WacomDriverIntuosV1ReportParser,cross_referenced,kernel + OTD both agree with registry
0x0314,Intuos Pro S (PTH-451),intuosV1,31496,19685,2047,experimental,Wacom Intuos Pro S,31496,19685,2047,INTUOSPS,Wacom PTH-451,31496,19685,2047,WacomDriverIntuosV1ReportParser,cross_referenced,kernel + OTD both agree with registry
0x0316,Intuos Pro M (PTH-651),intuosV1,44704,27940,2047,verified,,,,,,,,,,,unknown,neither kernel nor OTD has this PID
0x0317,Intuos Pro L (PTH-851),intuosV1,44704,27940,1023,verified,Wacom Intuos Pro L,65024,40640,2047,INTUOSPL,Wacom PTH-851,65024,40640,2047,WacomDriverIntuosV1ReportParser,kernel_disagrees,registry differs from BOTH kernel AND OTD: kernel maxX=65024 (registry 44704); kernel maxY=40640 (registry 27940); kernel maxP=2047 (registry 1023)
0x0352,Intuos Pro S (PTH-460),intuosV2,31496,19685,8191,verified,,,,,,,,,,,unknown,neither kernel nor OTD has this PID
0x0357,Intuos Pro M (PTH-660),intuosV2,44800,29600,8191,verified,,,,,,Wacom PTH-660,44800,29600,8191,IntuosV2ReportParser,otd_only,OTD agrees; kernel has no entry
0x0358,Intuos Pro L (PTH-860),intuosV2,62200,43200,8191,verified,,,,,,Wacom PTH-860,62200,43200,8191,WacomDriverIntuosV2ReportParser,otd_only,OTD agrees; kernel has no entry
0x00D0,Bamboo Touch (CTT-460),bamboo,14720,9200,0,experimental,Wacom Bamboo 2FG,14720,9200,1023,BAMBOO_TOUCH,,,,,,kernel_disagrees,kernel maxP=1023 (registry 0)
0x00D1,Bamboo Pen & Touch (CTH-460),bamboo,14720,9200,1023,experimental,Wacom Bamboo 2FG 4x5,14720,9200,1023,BAMBOO_PT,Wacom CTH-460,14720,9200,1023,IntuosReportParser,cross_referenced,kernel + OTD both agree with registry; OTD parser=intuosV1 (OTD class IntuosReportParser)
0x00D4,Bamboo Capture (CTH-470),bamboo,14720,9200,1023,experimental,Wacom Bamboo Pen,14720,9200,1023,BAMBOO_PEN,Wacom CTL-460,14720,9200,1023,WacomDriverIntuosReportParser,cross_referenced,kernel + OTD both agree with registry; OTD parser=intuosV1 (OTD class WacomDriverIntuosReportParser)
0x00D6,Bamboo Pen (CTL-460),bamboo,14720,9200,1023,experimental,Wacom BambooPT 2FG 4x5,14720,9200,1023,BAMBOO_PT,Wacom CTH-460,14720,9200,1023,WacomDriverIntuosReportParser,cross_referenced,kernel + OTD both agree with registry; OTD parser=intuosV1 (OTD class WacomDriverIntuosReportParser)
0x00D7,Bamboo Pen (CTL-660),bamboo,21648,13530,1023,experimental,Wacom BambooPT 2FG Small,14720,9200,1023,BAMBOO_PT,Wacom CTH-461,14720,9200,1023,IntuosReportParser,kernel_disagrees,registry differs from BOTH kernel AND OTD: kernel maxX=14720 (registry 21648); kernel maxY=9200 (registry 13530); OTD parser=intuosV1 (OTD class IntuosReportParser)
0x00DA,Bamboo Pen & Touch 2 (CTH-461),bamboo,14720,9200,1023,experimental,Wacom Bamboo 2FG 4x5 SE,14720,9200,1023,BAMBOO_PT,Wacom CTH-461,14720,9200,1023,IntuosReportParser,cross_referenced,kernel + OTD both agree with registry; OTD parser=intuosV1 (OTD class IntuosReportParser)
0x00DB,Bamboo Connect (CTL-470),bamboo,14720,9200,1023,experimental,Wacom Bamboo 2FG 6x8 SE,21648,13700,1023,BAMBOO_PT,Wacom CTH-661,21648,13700,1023,IntuosReportParser,kernel_disagrees,registry differs from BOTH kernel AND OTD: kernel maxX=21648 (registry 14720); kernel maxY=13700 (registry 9200); OTD parser=intuosV1 (OTD class IntuosReportParser)
0x00C0,Cintiq 20WSX,cintiqV1,86680,54180,1023,experimental,Wacom DTF720,6858,5506,511,PL,,,,,,kernel_disagrees,kernel maxX=6858 (registry 86680); kernel maxY=5506 (registry 54180); kernel maxP=511 (registry 1023)
0x00C4,Cintiq 13HD (DTK-1300),cintiqV1,59152,33448,2047,experimental,Wacom DTF521,6282,4762,511,PL,,,,,,kernel_disagrees,kernel maxX=6282 (registry 59152); kernel maxY=4762 (registry 33448); kernel maxP=511 (registry 2047)
0x00C6,Cintiq 12WX,cintiqV1,53020,33440,1023,experimental,Wacom Cintiq 12WX,53020,33440,1023,WACOM_BEE,Wacom Cintiq 12WX (DTZ-1200W),52220,32640,2046,Intuos3ExtraAuxReportParser,otd_disagrees,OTD maxX=52220 (registry 53020); OTD maxY=32640 (registry 33440); OTD maxP=2046 (registry 1023); OTD parser=intuos3 (OTD class Intuos3ExtraAuxReportParser)
0x00CC,Cintiq 21UX (DTZ-2100),cintiqV1,87200,65600,1023,verified,Wacom Cintiq 21UX2,87200,65600,2047,WACOM_21UX2,,,,,,kernel_disagrees,kernel maxP=2047 (registry 1023)
0x00F4,Cintiq 24HD (DTK-2400),cintiqV1,104480,65600,2047,verified,Wacom Cintiq 24HD,104480,65600,2047,WACOM_24HD,,,,,,agree,kernel agrees; OTD has no entry
0x00F8,Cintiq 24HD Touch (DTH-2400),cintiqV1,104480,65600,2047,experimental,Wacom Cintiq 24HD touch,104480,65600,2047,WACOM_INTUOS3_RES,,,,,,agree,kernel agrees; OTD has no entry
0x00FA,Cintiq 22HD (DTK-2200),cintiqV1,95840,54090,2047,experimental,Wacom Cintiq 22HD,95840,54260,2047,WACOM_22HD,Wacom Cintiq 22HD (DTK-2200),95040,54260,2048,CintiqV1ReportParser,kernel_disagrees,registry differs from BOTH kernel AND OTD: kernel maxY=54260 (registry 54090)
0x00FB,Cintiq 21UX 2 (DTZ-2100B),cintiqV1,87200,65600,1023,experimental,Wacom DTU1031,22096,13960,511,DTUS,,,,,,kernel_disagrees,kernel maxX=22096 (registry 87200); kernel maxY=13960 (registry 65600); kernel maxP=511 (registry 1023); kernel parser=graphire (kernel type DTUS)
0x0029,Wacom PTK-450,intuosV1,31496,19685,2047,experimental,Wacom Intuos5 S,31496,19685,2047,INTUOS5S,Wacom PTK-450,31496,19685,2047,Wacom64bAuxReportParser,cross_referenced,kernel + OTD both agree with registry
0x002A,Wacom PTK-650,intuosV1,44704,27940,2047,experimental,Wacom Intuos5 M,44704,27940,2047,INTUOS5,Wacom PTK-650,44704,27940,2047,WacomDriverIntuosV1ReportParser,cross_referenced,kernel + OTD both agree with registry
0x0315,Wacom PTH-651,intuosV1,44704,27940,2047,experimental,Wacom Intuos Pro M,44704,27940,2047,INTUOSPM,Wacom PTH-651,44704,27940,2047,WacomDriverIntuosV1ReportParser,cross_referenced,kernel + OTD both agree with registry
0x0360,Wacom PTH-660,intuosV2,44800,29600,8191,verified,Wacom Intuos Pro M,44800,29600,8191,INTUOSP2_BT,Wacom PTH-660,44800,29600,8191,TabletReportParser,cross_referenced,kernel + OTD both agree with registry
0x0361,Intuos Pro L (PTH-860) BT,intuosV2,62200,43200,8191,verified,Wacom Intuos Pro L,62200,43200,8191,INTUOSP2_BT,,,,,,agree,kernel agrees; OTD has no entry
0x035B,Intuos Pro S (PTH-460) BT,intuosV2,31496,19685,8191,experimental,,,,,,,,,,,unknown,neither kernel nor OTD has this PID
0x0392,Wacom PTH-460,intuosV2,31920,19950,8191,experimental,,,,,,Wacom PTH-460,31920,19950,8191,WacomDriverIntuosV2ReportParser,otd_only,OTD agrees; kernel has no entry
0x03DC,Wacom PTH-460,intuosV2,31920,19950,8191,experimental,,,,,,Wacom PTH-460,31920,19950,8191,IntuosV2ReportParser,otd_only,OTD agrees; kernel has no entry
0x006A,Wacom CTE-460,intuosV1,15200,9500,511,experimental,Wacom Bamboo1 4x6,14760,9225,1023,GRAPHIRE,Wacom CTE-460,15200,9500,511,WacomDriverIntuosReportParser,kernel_disagrees,kernel maxX=14760 (registry 15200); kernel maxY=9225 (registry 9500); kernel maxP=1023 (registry 511); kernel parser=graphire (kernel type GRAPHIRE)
0x006B,Wacom CTE-660,bamboo,21648,13500,511,experimental,Wacom Bamboo1 5x8,21648,13530,1023,GRAPHIRE,Wacom CTE-660,21648,13500,511,BambooReportParser,kernel_disagrees,kernel maxY=13530 (registry 13500); kernel maxP=1023 (registry 511); kernel parser=graphire (kernel type GRAPHIRE)
0x0018,Wacom CTE-650,bamboo,21648,13530,511,experimental,Wacom BambooFun 6x8,21648,13530,511,WACOM_MO,Wacom CTE-650,21648,13530,511,BambooReportParser,cross_referenced,kernel + OTD both agree with registry
0x0069,Wacom CTF-430,bamboo,5104,3712,511,experimental,Wacom Bamboo1,5104,3712,511,GRAPHIRE,Wacom CTF-430,5104,3712,511,BambooReportParser,cross_referenced,kernel + OTD both agree with registry; kernel parser=graphire (kernel type GRAPHIRE)
0x0319,Wacom CTH-300,bamboo,10690,6680,511,experimental,,,,,,Wacom CTH-300,10690,6680,511,BambooPadReportParser,otd_only,OTD agrees; kernel has no entry
0x0318,Wacom CTH-301,bamboo,10690,6680,511,experimental,,,,,,Wacom CTH-301,10690,6680,511,BambooPadReportParser,otd_only,OTD agrees; kernel has no entry
0x00D2,Wacom CTH-461,intuosV1,14720,9200,1023,experimental,Wacom Bamboo Craft,14720,9200,1023,BAMBOO_PT,Wacom CTH-461,14720,9200,1023,WacomDriverIntuosReportParser,cross_referenced,kernel + OTD both agree with registry; kernel parser=bamboo (kernel type BAMBOO_PT)
0x00DE,Wacom CTH-470,intuosV1,14720,9200,1023,experimental,Wacom Bamboo 16FG 4x5,14720,9200,1023,BAMBOO_PT,Wacom CTH-470,14720,9200,1023,WacomDriverIntuosReportParser,cross_referenced,kernel + OTD both agree with registry; kernel parser=bamboo (kernel type BAMBOO_PT)
0x0302,Wacom CTH-480,intuosV1,15200,9500,1023,experimental,Wacom Intuos PT S,15200,9500,1023,INTUOSHT,Wacom CTH-480,15200,9500,1023,WacomDriverIntuosReportParser,cross_referenced,kernel + OTD both agree with registry
0x033C,Wacom CTH-490,intuosV1,15200,9500,2047,experimental,Wacom Intuos PT S 2,15200,9500,2047,INTUOSHT2,Wacom CTH-490,15200,9500,2047,WacomDriverIntuosV1ReportParser,cross_referenced,kernel + OTD both agree with registry
0x00D3,Wacom CTH-661,intuosV1,21648,13700,1023,experimental,Wacom Bamboo 2FG 6x8,21648,13700,1023,BAMBOO_PT,Wacom CTH-661,21648,13700,1023,WacomDriverIntuosReportParser,cross_referenced,kernel + OTD both agree with registry; kernel parser=bamboo (kernel type BAMBOO_PT)
0x00D8,Wacom CTH-661,intuosV1,21648,13700,1023,experimental,Wacom Bamboo Comic 2FG,21648,13700,1023,BAMBOO_PT,Wacom CTH-661,21648,13700,1023,IntuosReportParser,cross_referenced,kernel + OTD both agree with registry; kernel parser=bamboo (kernel type BAMBOO_PT)
0x00DF,Wacom CTH-670,intuosV1,21648,13700,1023,experimental,Wacom Bamboo 16FG 6x8,21648,13700,1023,BAMBOO_PT,Wacom CTH-670,21648,13700,1023,WacomDriverIntuosReportParser,cross_referenced,kernel + OTD both agree with registry; kernel parser=bamboo (kernel type BAMBOO_PT)
0x0303,Wacom CTH-680,intuosV1,21600,13500,1023,experimental,Wacom Intuos PT M,21600,13500,1023,INTUOSHT,Wacom CTH-680,21600,13500,1023,WacomDriverIntuosReportParser,cross_referenced,kernel + OTD both agree with registry
0x033E,Wacom CTH-690,intuosV1,21600,13500,2047,experimental,Wacom Intuos PT M 2,21600,13500,2047,INTUOSHT2,Wacom CTH-690,21600,13500,2047,WacomDriverIntuosV1ReportParser,cross_referenced,kernel + OTD both agree with registry
0x00DD,Wacom CTL-470,intuosV1,14720,9200,1023,experimental,Wacom Bamboo Connect,14720,9200,1023,BAMBOO_PT,Wacom CTL-470,14720,9200,1023,WacomDriverIntuosReportParser,cross_referenced,kernel + OTD both agree with registry; kernel parser=bamboo (kernel type BAMBOO_PT)
0x0300,Wacom CTL-471,intuosV1,15200,9500,1023,experimental,Wacom Bamboo One S,14720,9225,1023,BAMBOO_PEN,Wacom CTL-471,15200,9500,1023,WacomDriverIntuosReportParser,kernel_disagrees,kernel maxX=14720 (registry 15200); kernel maxY=9225 (registry 9500); kernel parser=bamboo (kernel type BAMBOO_PEN)
0x037A,Wacom CTL-472,intuosV1,15200,9500,2047,experimental,Wacom One by Wacom S,15200,9500,2047,BAMBOO_PEN,Wacom CTL-472,15200,9500,2047,WacomDriverIntuosReportParser,cross_referenced,kernel + OTD both agree with registry; kernel parser=bamboo (kernel type BAMBOO_PEN)
0x030E,Wacom CTL-480,intuosV1,15200,9500,1023,experimental,Wacom Intuos S,15200,9500,1023,INTUOSHT,Wacom CTL-480,15200,9500,1023,WacomDriverIntuosReportParser,cross_referenced,kernel + OTD both agree with registry
0x033B,Wacom CTL-490,intuosV1,15200,9500,2047,experimental,Wacom Intuos S 2,15200,9500,2047,INTUOSHT2,Wacom CTL-490,15200,9500,2047,WacomDriverIntuosV1ReportParser,cross_referenced,kernel + OTD both agree with registry
0x0301,Wacom CTL-671,intuosV1,21600,13500,1023,experimental,Wacom Bamboo One M,21648,13530,1023,BAMBOO_PEN,Wacom CTL-671,21600,13500,1023,WacomDriverIntuosReportParser,kernel_disagrees,kernel maxX=21648 (registry 21600); kernel maxY=13530 (registry 13500); kernel parser=bamboo (kernel type BAMBOO_PEN)
0x037B,Wacom CTL-672,intuosV1,21600,13500,2047,experimental,Wacom One by Wacom M,21600,13500,2047,BAMBOO_PEN,Wacom CTL-672,21600,13500,2047,WacomDriverIntuosReportParser,cross_referenced,kernel + OTD both agree with registry; kernel parser=bamboo (kernel type BAMBOO_PEN)
0x0323,Wacom CTL-680,intuosV1,21600,13500,1023,experimental,Wacom Intuos P M,21600,13500,1023,INTUOSHT,Wacom CTL-680,21600,13500,1023,WacomDriverIntuosReportParser,cross_referenced,kernel + OTD both agree with registry
0x033D,Wacom CTL-690,intuosV1,21600,13500,2047,experimental,Wacom Intuos P M 2,21600,13500,2047,INTUOSHT2,Wacom CTL-690,21600,13500,2047,WacomDriverIntuosV1ReportParser,cross_referenced,kernel + OTD both agree with registry
0x0374,Wacom CTL-4100,intuosV2,15200,9500,4095,experimental,,,,,,Wacom CTL-4100,15200,9500,4095,WacomDriverIntuosV2ReportParser,otd_only,OTD agrees; kernel has no entry
0x0376,Wacom CTL-4100WL,intuosV2,15200,9500,4095,experimental,,,,,,Wacom CTL-4100WL,15200,9500,4095,WacomDriverIntuosV2ReportParser,otd_only,OTD agrees; kernel has no entry
0x0377,Wacom CTL-4100WL,intuosV2,15200,9500,4095,experimental,Wacom Intuos BT S,15200,9500,4095,INTUOSHT3_BT,Wacom CTL-4100WL,15200,9500,4095,WacomDriverIntuosV2ReportParser,cross_referenced,kernel + OTD both agree with registry; kernel parser=intuosV1 (kernel type INTUOSHT3_BT)
0x03C5,Wacom CTL-4100WL,intuosV2,15200,9500,4095,experimental,,,,,,Wacom CTL-4100WL,15200,9500,4095,WacomDriverIntuosV2ReportParser,otd_only,OTD agrees; kernel has no entry
0x0375,Wacom CTL-6100,intuosV2,21600,13500,4095,experimental,,,,,,Wacom CTL-6100,21600,13500,4095,IntuosV2ReportParser,otd_only,OTD agrees; kernel has no entry
0x0378,Wacom CTL-6100WL,intuosV2,21600,13500,4095,experimental,,,,,,Wacom CTL-6100WL,21600,13500,4095,IntuosV2ReportParser,otd_only,OTD agrees; kernel has no entry
0x03C7,Wacom CTL-6100WL,intuosV2,21600,13500,4095,experimental,,,,,,Wacom CTL-6100WL,21600,13500,4095,IntuosV2ReportParser,otd_only,OTD agrees; kernel has no entry
0x0304,Wacom Cintiq 13HD (DTK-1300),cintiqV1,59800,34200,2048,experimental,Wacom Cintiq 13HD,59552,33848,1023,WACOM_13HD,Wacom Cintiq 13HD (DTK-1300),59800,34200,2048,IntuosV1ReportParser,kernel_disagrees,kernel maxX=59552 (registry 59800); kernel maxY=33848 (registry 34200); kernel maxP=1023 (registry 2048); OTD parser=intuosV1 (OTD class IntuosV1ReportParser)
0x00F9,Wacom Cintiq 22HD (DTK-2200),cintiqV1,95040,54260,2048,experimental,,,,,,Wacom Cintiq 22HD (DTK-2200),95040,54260,2048,CintiqV1ReportParser,otd_only,OTD agrees; kernel has no entry
0x034F,Wacom DTH-1320,intuosV2,59552,33848,8191,experimental,,,,,,Wacom DTH-1320,59552,33848,8191,IntuosV2ReportParser,otd_only,OTD agrees; kernel has no entry
0x0390,Wacom Cintiq 16 (DTK-1660),intuosV2,69632,39518,8191,experimental,,,,,,Wacom Cintiq 16 (DTK1660),69632,39518,8191,IntuosV2ReportParser,otd_only,OTD agrees; kernel has no entry
0x03AE,Wacom Cintiq 16 (DTK-1660),intuosV2,69632,39518,8191,experimental,,,,,,Wacom Cintiq 16 (DTK1660),69632,39518,8191,IntuosV2ReportParser,otd_only,OTD agrees; kernel has no entry
0x03A6,Wacom DTC-133,intuosV2,29434,16556,4095,experimental,,,,,,Wacom DTC-133,29434,16556,4095,WacomDriverIntuosV2ReportParser,otd_only,OTD agrees; kernel has no entry
0x03C0,Wacom Cintiq Pro 27 (DTH-271),intuosV2,120032,67868,8191,experimental,,,,,,Wacom Cintiq Pro 27 (DTH-271),120032,67868,8191,IntuosV2ReportParser,otd_only,OTD agrees; kernel has no entry
0x03F0,Wacom Movink 13 (DTH-135),intuosV2,59552,33848,8191,experimental,,,,,,Wacom Movink 13 (DTH-135),59552,33848,8191,IntuosV3ReportParser,otd_only,OTD agrees; kernel has no entry
0x0084,ACK-40401 Wireless Dongle,intuosV1,0,0,0,experimental,,,,,,,,,,,unknown,neither kernel nor OTD has this PID
0x009D,Wireless Receiver (Intuos4/5 WL),intuosV1,0,0,0,experimental,,,,,,,,,,,unknown,neither kernel nor OTD has this PID
0x009A,Wireless Receiver (Intuos Pro gen1 WL),intuosV1,0,0,0,experimental,Wacom ISDv4 9A,26202,16325,255,TABLETPC,,,,,,kernel_disagrees,kernel maxX=26202 (registry 0); kernel maxY=16325 (registry 0); kernel maxP=255 (registry 0)
0x0000,<missing>,,,,,,Wacom Penpartner,5040,3780,255,WACOM_PENPRTN_RES,,,,,,missing_from_registry,kernel and/or OTD know this PID; registry does not
0x0019,<missing>,,,,,,Wacom Bamboo1 Medium,16704,12064,511,GRAPHIRE,,,,,,missing_from_registry,kernel and/or OTD know this PID; registry does not
0x0030,<missing>,,,,,,Wacom PL400,5408,4056,255,PL,,,,,,missing_from_registry,kernel and/or OTD know this PID; registry does not
0x0031,<missing>,,,,,,Wacom PL500,6144,4608,255,PL,,,,,,missing_from_registry,kernel and/or OTD know this PID; registry does not
0x0032,<missing>,,,,,,Wacom PL600,6126,4604,255,PL,,,,,,missing_from_registry,kernel and/or OTD know this PID; registry does not
0x0033,<missing>,,,,,,Wacom PL600SX,6260,5016,255,PL,,,,,,missing_from_registry,kernel and/or OTD know this PID; registry does not
0x0034,<missing>,,,,,,Wacom PL550,6144,4608,511,PL,,,,,,missing_from_registry,kernel and/or OTD know this PID; registry does not
0x0035,<missing>,,,,,,Wacom PL800,7220,5780,511,PL,,,,,,missing_from_registry,kernel and/or OTD know this PID; registry does not
0x0037,<missing>,,,,,,Wacom PL700,6758,5406,511,PL,,,,,,missing_from_registry,kernel and/or OTD know this PID; registry does not
0x0038,<missing>,,,,,,Wacom PL510,6282,4762,511,PL,,,,,,missing_from_registry,kernel and/or OTD know this PID; registry does not
0x0039,<missing>,,,,,,Wacom DTU710,34080,27660,511,PL,,,,,,missing_from_registry,kernel and/or OTD know this PID; registry does not
0x0047,<missing>,,,,,,Wacom Intuos2 6x8,20320,16240,1023,INTUOS,,,,,,missing_from_registry,kernel and/or OTD know this PID; registry does not
0x0057,<missing>,,,,,,Wacom DTK2241,95840,54260,2047,WACOM_INTUOS3_RES,,,,,,missing_from_registry,kernel and/or OTD know this PID; registry does not
0x005B,<missing>,,,,,,Wacom Cintiq 22HDT,95840,54260,2047,WACOM_22HD,,,,,,missing_from_registry,kernel and/or OTD know this PID; registry does not
0x0063,<missing>,,,,,,Wacom Volito2 2x3,3248,2320,511,GRAPHIRE,,,,,,missing_from_registry,kernel and/or OTD know this PID; registry does not
0x0064,<missing>,,,,,,Wacom PenPartner2,3250,2320,511,GRAPHIRE,,,,,,missing_from_registry,kernel and/or OTD know this PID; registry does not
0x0081,<missing>,,,,,,Wacom Graphire BT,16704,12064,511,GRAPHIRE_BT,,,,,,missing_from_registry,kernel and/or OTD know this PID; registry does not
0x0090,<missing>,,,,,,Wacom ISDv4 90,26202,16325,255,TABLETPC,,,,,,missing_from_registry,kernel and/or OTD know this PID; registry does not
0x0093,<missing>,,,,,,Wacom ISDv4 93,26202,16325,255,TABLETPC,,,,,,missing_from_registry,kernel and/or OTD know this PID; registry does not
0x0097,<missing>,,,,,,Wacom ISDv4 97,26202,16325,511,TABLETPC,,,,,,missing_from_registry,kernel and/or OTD know this PID; registry does not
0x009F,<missing>,,,,,,Wacom ISDv4 9F,26202,16325,255,TABLETPC,,,,,,missing_from_registry,kernel and/or OTD know this PID; registry does not
0x00BD,<missing>,,,,,,Wacom Intuos4 WL,40640,25400,2047,INTUOS4WL,,,,,,missing_from_registry,kernel and/or OTD know this PID; registry does not
0x00C2,<missing>,,,,,,Wacom DTF720a,6858,5506,511,PL,,,,,,missing_from_registry,kernel and/or OTD know this PID; registry does not
0x00C5,<missing>,,,,,,Wacom Cintiq 20WSX,86680,54180,1023,WACOM_BEE,,,,,,missing_from_registry,kernel and/or OTD know this PID; registry does not
0x00C7,<missing>,,,,,,Wacom DTU1931,37832,30305,511,PL,,,,,,missing_from_registry,kernel and/or OTD know this PID; registry does not
0x00CE,<missing>,,,,,,Wacom DTU2231,47864,27011,511,DTU,,,,,,missing_from_registry,kernel and/or OTD know this PID; registry does not
0x00D5,<missing>,,,,,,Wacom Bamboo Pen 6x8,21648,13700,1023,BAMBOO_PEN,,,,,,missing_from_registry,kernel and/or OTD know this PID; registry does not
0x00E2,<missing>,,,,,,Wacom ISDv4 E2,26202,16325,255,TABLETPC2FG,,,,,,missing_from_registry,kernel and/or OTD know this PID; registry does not
0x00E3,<missing>,,,,,,Wacom ISDv4 E3,26202,16325,255,TABLETPC2FG,,,,,,missing_from_registry,kernel and/or OTD know this PID; registry does not
0x00E5,<missing>,,,,,,Wacom ISDv4 E5,26202,16325,255,MTSCREEN,,,,,,missing_from_registry,kernel and/or OTD know this PID; registry does not
0x00E6,<missing>,,,,,,Wacom ISDv4 E6,27760,15694,255,TABLETPC2FG,,,,,,missing_from_registry,kernel and/or OTD know this PID; registry does not
0x00EC,<missing>,,,,,,Wacom ISDv4 EC,25710,14500,255,TABLETPC,,,,,,missing_from_registry,kernel and/or OTD know this PID; registry does not
0x00ED,<missing>,,,,,,Wacom ISDv4 ED,26202,16325,255,TABLETPCE,,,,,,missing_from_registry,kernel and/or OTD know this PID; registry does not
0x00EF,<missing>,,,,,,Wacom ISDv4 EF,26202,16325,255,TABLETPC,,,,,,missing_from_registry,kernel and/or OTD know this PID; registry does not
0x00F0,<missing>,,,,,,Wacom DTU1631,34623,19553,511,DTU,,,,,,missing_from_registry,kernel and/or OTD know this PID; registry does not
0x0100,<missing>,,,,,,Wacom ISDv4 100,26202,16325,255,MTTPC,,,,,,missing_from_registry,kernel and/or OTD know this PID; registry does not
0x0101,<missing>,,,,,,Wacom ISDv4 101,26202,16325,255,MTTPC,,,,,,missing_from_registry,kernel and/or OTD know this PID; registry does not
0x010D,<missing>,,,,,,Wacom ISDv4 10D,26202,16325,255,MTTPC,,,,,,missing_from_registry,kernel and/or OTD know this PID; registry does not
0x010E,<missing>,,,,,,Wacom ISDv4 10E,27760,15694,255,MTTPC,,,,,,missing_from_registry,kernel and/or OTD know this PID; registry does not
0x010F,<missing>,,,,,,Wacom ISDv4 10F,27760,15694,255,MTTPC,,,,,,missing_from_registry,kernel and/or OTD know this PID; registry does not
0x0116,<missing>,,,,,,Wacom ISDv4 116,26202,16325,255,TABLETPCE,,,,,,missing_from_registry,kernel and/or OTD know this PID; registry does not
0x012C,<missing>,,,,,,Wacom ISDv4 12C,27848,15752,2047,TABLETPC,,,,,,missing_from_registry,kernel and/or OTD know this PID; registry does not
0x0307,<missing>,,,,,,Wacom ISDv5 307,59552,33848,2047,CINTIQ_HYBRID,,,,,,missing_from_registry,kernel and/or OTD know this PID; registry does not
0x030A,<missing>,,,,,,Wacom ISDv5 30A,59552,33848,2047,CINTIQ_HYBRID,,,,,,missing_from_registry,kernel and/or OTD know this PID; registry does not
0x0325,<missing>,,,,,,Wacom ISDv5 325,59552,33848,2047,CINTIQ_COMPANION_2,,,,,,missing_from_registry,kernel and/or OTD know this PID; registry does not
0x032A,<missing>,,,,,,Wacom Cintiq 27QHD,120140,67920,2047,WACOM_27QHD,,,,,,missing_from_registry,kernel and/or OTD know this PID; registry does not
0x032B,<missing>,,,,,,Wacom Cintiq 27QHD touch,120140,67920,2047,WACOM_27QHD,,,,,,missing_from_registry,kernel and/or OTD know this PID; registry does not
0x032F,<missing>,,,,,,Wacom DTU1031X,22672,12928,511,DTUSX,,,,,,missing_from_registry,kernel and/or OTD know this PID; registry does not
0x0333,<missing>,,,,,,Wacom Cintiq 13HD touch,59552,33848,2047,WACOM_13HD,,,,,,missing_from_registry,kernel and/or OTD know this PID; registry does not
0x0336,<missing>,,,,,,Wacom DTU1141,23672,13403,1023,DTUS,,,,,,missing_from_registry,kernel and/or OTD know this PID; registry does not
0x0343,<missing>,,,,,,Wacom DTK1651,34816,19759,1023,DTUS,,,,,,missing_from_registry,kernel and/or OTD know this PID; registry does not
0x0379,<missing>,,,,,,Wacom Intuos BT M,21600,13500,4095,INTUOSHT3_BT,,,,,,missing_from_registry,kernel and/or OTD know this PID; registry does not
0x0393,<missing>,,,,,,Wacom Intuos Pro S,31920,19950,8191,INTUOSP2S_BT,,,,,,missing_from_registry,kernel and/or OTD know this PID; registry does not
0x03C6,<missing>,,,,,,Wacom Intuos BT S,15200,9500,4095,INTUOSHT3_BT,,,,,,missing_from_registry,kernel and/or OTD know this PID; registry does not
0x03C8,<missing>,,,,,,Wacom Intuos BT M,21600,13500,4095,INTUOSHT3_BT,,,,,,missing_from_registry,kernel and/or OTD know this PID; registry does not
0x03DD,<missing>,,,,,,Wacom Intuos Pro S,31920,19950,8191,INTUOSP2S_BT,,,,,,missing_from_registry,kernel and/or OTD know this PID; registry does not
0x4001,<missing>,,,,,,Wacom ISDv4 4001,26202,16325,255,MTTPC,,,,,,missing_from_registry,kernel and/or OTD know this PID; registry does not
0x4004,<missing>,,,,,,Wacom ISDv4 4004,11060,6220,255,MTTPC_B,,,,,,missing_from_registry,kernel and/or OTD know this PID; registry does not
0x5000,<missing>,,,,,,Wacom ISDv4 5000,27848,15752,1023,MTTPC_B,,,,,,missing_from_registry,kernel and/or OTD know this PID; registry does not
0x5002,<missing>,,,,,,Wacom ISDv4 5002,29576,16724,1023,MTTPC_B,,,,,,missing_from_registry,kernel and/or OTD know this PID; registry does not
0x6004,<missing>,,,,,,ISD-V4,12800,8000,255,TABLETPC,,,,,,missing_from_registry,kernel and/or OTD know this PID; registry does not
